n1,n2,n3,x,y,z,v11,v22,v33,v12,v13,v23
-2,-2,-5,-176.868,-176.868,-199.7845,-1.10634476017929,-1.10607083080048,-1.63224389186621,0.0219740536382851,0.000191752181414097,-0.00116142694063554
-1,-2,-5,-88.434,-176.868,-199.7845,-1.13966458088504,-1.05084386731683,-1.15997093572437,0.0359907965948408,-0.00785132173895361,0.00153329144244285
0,-2,-5,-2.30633139257924e-14,-176.868,-199.7845,-1.1621280259973,-1.01715839055343,-0.856805535958204,0.00280479530028654,-0.0140406778915137,0.0068182301060738
1,-2,-5,88.434,-176.868,-199.7845,-1.13839593804582,-1.050987246757,-1.16435485937241,-0.0307720858283158,-0.00732427939953619,0.00407499618905734
2,-2,-5,176.868,-176.868,-199.7845,-1.10607083080048,-1.10634476017929,-1.63224389186622,-0.0176786604511053,0.00116142694062973,0.000191752181424201
-2,-1,-5,-176.868,-88.434,-199.7845,-1.05098724675699,-1.13839593804582,-1.1643548593724,0.0336619846326202,0.00407499618904268,0.00732427939952803
-1,-1,-5,-88.434,-88.434,-199.7845,-1.01869573249979,-1.01639829973146,-0.31149105844718,0.0562142353993487,-0.0128570101442018,0.0199629775104975
0,-1,-5,-1.76482931740026e-14,-88.434,-199.7845,-0.999748156185234,-0.938980634407471,0.29334394138318,-0.00469228045730493,-0.0339350497538077,0.00926220132965897
1,-1,-5,88.434,-88.434,-199.7845,-1.01639829973146,-1.01869573249979,-0.311491058447192,-0.06007620692043,-0.0199629775105037,-0.0128570101441985
2,-1,-5,176.868,-88.434,-199.7845,-1.05084386731683,-1.13966458088505,-1.15997093572439,-0.0338463428412208,-0.00153329144244709,-0.00785132173895412
-2,0,-5,-176.868,-1.22332724222127e-14,-199.7845,-1.01715839055344,-1.16212802599731,-0.856805535958218,-0.00141324791028344,0.00681823010606911,0.0140406778915072
-1,0,-5,-88.434,-1.22332724222127e-14,-199.7845,-0.938980634407473,-0.999748156185234,0.29334394138317,-0.00283920270166883,0.00926220132966348,0.033935049753802
0,0,-5,-1.22332724222127e-14,-1.22332724222127e-14,-199.7845,-0.892942474279976,-0.892942474279971,1.16927328558509,-0.00633255882354026,8.00574884163296e-15,-4.55408280530811e-15
1,0,-5,88.434,-1.22332724222127e-14,-199.7845,-0.938980634407474,-0.999748156185237,0.29334394138316,-0.00283920270166826,-0.00926220132965455,-0.0339350497538111
2,0,-5,176.868,-1.22332724222127e-14,-199.7845,-1.01715839055344,-1.16212802599731,-0.856805535958224,-0.00141324791028402,-0.00681823010607344,-0.0140406778915211
-2,1,-5,-176.868,88.434,-199.7845,-1.05084386731683,-1.13966458088504,-1.1599709357244,-0.0338463428412177,0.00153329144243731,0.00785132173895083
-1,1,-5,-88.434,88.434,-199.7845,-1.01639829973146,-1.01869573249979,-0.311491058447201,-0.0600762069204279,0.0199629775105063,0.012857010144198
0,1,-5,-6.81825167042287e-15,88.434,-199.7845,-0.999748156185237,-0.938980634407467,0.293343941383153,-0.00469228045730352,0.0339350497538192,-0.0092622013296591
1,1,-5,88.434,88.434,-199.7845,-1.01869573249979,-1.01639829973146,-0.311491058447212,0.0562142353993497,0.0128570101442078,-0.0199629775105018
2,1,-5,176.868,88.434,-199.7845,-1.050987246757,-1.13839593804582,-1.16435485937242,0.0336619846326204,-0.00407499618904928,-0.00732427939953524
-2,2,-5,-176.868,176.868,-199.7845,-1.10607083080048,-1.10634476017929,-1.63224389186621,-0.0176786604511018,-0.00116142694063977,-0.000191752181415001
-1,2,-5,-88.434,176.868,-199.7845,-1.13839593804582,-1.05098724675699,-1.1643548593724,-0.0307720858283135,0.00732427939953697,-0.00407499618904525
0,2,-5,-1.40323091863302e-15,176.868,-199.7845,-1.16212802599731,-1.01715839055343,-0.856805535958216,0.00280479530028789,0.0140406778915233,-0.00681823010606683
1,2,-5,88.434,176.868,-199.7845,-1.13966458088504,-1.05084386731683,-1.1599709357244,0.035990796594841,0.00785132173895698,-0.00153329144243299
2,2,-5,176.868,176.868,-199.7845,-1.10634476017929,-1.10607083080048,-1.63224389186622,0.0219740536382855,-0.000191752181421755,0.00116142694064205
-2,-2,-4,-176.868,-176.868,-159.8276,-0.938414587008555,-0.938282828830256,-1.62063095844248,0.0377941417122435,0.0221034413127566,0.0206401596037429
-1,-2,-4,-88.434,-176.868,-159.8276,-0.971127906694861,-0.859936066480321,-1.11031084009284,0.0605513530597539,0.0317967960410083,0.0372889668740459
0,-2,-4,-2.06166594413499e-14,-176.868,-159.8276,-0.996029901590908,-0.812621888912137,-0.780769697695064,0.00756656181018333,-0.0141565251648057,0.0529963399803518
1,-2,-4,88.434,-176.868,-159.8276,-0.969853882665081,-0.85983547084264,-1.11778881831929,-0.0463281512081832,-0.0459681815314526,0.0386434877208217
2,-2,-4,176.868,-176.868,-159.8276,-0.938282828830256,-0.938414587008559,-1.62063095844249,-0.0244689868124934,-0.0206401596037443,0.0221034413127646
-2,-1,-4,-176.868,-88.434,-159.8276,-0.859835470842637,-0.969853882665086,-1.11778881831928,0.0563562945013778,0.0386434877208095,0.0459681815314466
-1,-1,-4,-88.434,-88.434,-159.8276,-0.776177874253481,-0.773142367050989,-0.113531408141094,0.0922895982755415,0.0533852158906849,0.0922226035360373
0,-1,-4,-1.520163868956e-14,-88.434,-159.8276,-0.725064066454647,-0.641799443375645,0.646819019508597,-0.0134121685536143,-0.0443459242746921,0.105885978798492
1,-1,-4,88.434,-88.434,-159.8276,-0.773142367050985,-0.776177874253486,-0.113531408141101,-0.104172569357507,-0.0922226035360391,0.0533852158906851
2,-1,-4,176.868,-88.434,-159.8276,-0.85993606648032,-0.971127906694866,-1.11031084009285,-0.0527822280182892,-0.0372889668740452,0.031796796041006
-2,0,-4,-176.868,-9.78661793777017e-15,-159.8276,-0.812621888912137,-0.996029901590913,-0.780769697695075,-0.00156179885490212,0.052996339980347,0.0141565251648008
-1,0,-4,-88.434,-9.78661793777017e-15,-159.8276,-0.641799443375645,-0.725064066454648,0.646819019508585,-0.0117420130063373,0.105885978798498,0.0443459242746905
0,0,-4,-9.78661793777017e-15,-9.78661793777017e-15,-159.8276,-0.533869345603625,-0.533869345603625,1.87928275222582,-0.0232639178204366,1.09630728974131e-14,-4.03193103903909e-15
1,0,-4,88.434,-9.78661793777017e-15,-159.8276,-0.641799443375642,-0.725064066454653,0.646819019508581,-0.0117420130063368,-0.105885978798485,-0.044345924274699
2,0,-4,176.868,-9.78661793777017e-15,-159.8276,-0.812621888912136,-0.996029901590915,-0.780769697695078,-0.00156179885490159,-0.0529963399803457,-0.0141565251648146
-2,1,-4,-176.868,88.434,-159.8276,-0.859936066480326,-0.971127906694862,-1.11031084009286,-0.0527822280182848,0.0372889668740407,-0.031796796041009
-1,1,-4,-88.434,88.434,-159.8276,-0.773142367050991,-0.776177874253478,-0.113531408141114,-0.104172569357502,0.0922226035360478,-0.0533852158906848
0,1,-4,-4.37159718598032e-15,88.434,-159.8276,-0.725064066454651,-0.641799443375641,0.646819019508569,-0.0134121685536117,0.0443459242747098,-0.10588597879849
1,1,-4,88.434,88.434,-159.8276,-0.776177874253485,-0.773142367050992,-0.113531408141124,0.0922895982755458,-0.0533852158906734,-0.092222603536038
2,1,-4,176.868,88.434,-159.8276,-0.85983547084264,-0.969853882665086,-1.1177888183193,0.0563562945013824,-0.0386434877208118,-0.0459681815314518
-2,2,-4,-176.868,176.868,-159.8276,-0.938282828830259,-0.938414587008553,-1.62063095844249,-0.0244689868124897,0.0206401596037405,-0.0221034413127515
-1,2,-4,-88.434,176.868,-159.8276,-0.969853882665084,-0.859835470842632,-1.11778881831928,-0.0463281512081819,0.0459681815314576,-0.0386434877208082
0,2,-4,1.04342356580953e-15,176.868,-159.8276,-0.996029901590911,-0.812621888912135,-0.780769697695077,0.00756656181018508,0.0141565251648177,-0.0529963399803374
1,2,-4,88.434,176.868,-159.8276,-0.971127906694864,-0.859936066480326,-1.11031084009287,0.0605513530597581,-0.0317967960410021,-0.0372889668740311
2,2,-4,176.868,176.868,-159.8276,-0.938414587008561,-0.938282828830258,-1.6206309584425,0.037794141712248,-0.0221034413127573,-0.0206401596037321
-2,-2,-3,-176.868,-176.868,-119.8707,-0.630095182461109,-0.630236235492265,-1.60420176293159,0.068457578492471,0.0413109791464411,0.0371107803824741
-1,-2,-3,-88.434,-176.868,-119.8707,-0.658525837607558,-0.50174576996852,-1.027107280813,0.116783903962666,0.0697898337058356,0.067813658332991
0,-2,-3,-1.81700049569073e-14,-176.868,-119.8707,-0.689062680477184,-0.426334424587234,-0.651504008171552,0.0180541687396339,-0.0110540950576765,0.100251807224653
1,-2,-3,88.434,-176.868,-119.8707,-0.657330494179062,-0.500667358940821,-1.04149539354859,-0.0875848488024887,-0.0774888450952036,0.0729998111994319
2,-2,-3,176.868,-176.868,-119.8707,-0.630236235492263,-0.630095182461112,-1.6042017629316,-0.045985149893335,-0.0371107803824721,0.0413109791464467
-2,-1,-3,-176.868,-88.434,-119.8707,-0.500667358940815,-0.657330494179069,-1.04149539354858,0.107708239320693,0.0729998111994209,0.0774888450951986
-1,-1,-3,-88.434,-88.434,-119.8707,-0.276152960549707,-0.273061148436226,0.26117017550915,0.195660218255236,0.125838134009633,0.165089799061537
0,-1,-3,-1.27549842051175e-14,-88.434,-119.8707,-0.132515395299772,0.00933469252405473,1.37187036709152,-0.0233334137143586,-0.0603479628785718,0.226953805935867
1,-1,-3,88.434,-88.434,-119.8707,-0.273061148436218,-0.276152960549715,0.26117017550915,-0.213657898061835,-0.165089799061538,0.125838134009633
2,-1,-3,176.868,-88.434,-119.8707,-0.501745769968517,-0.658525837607565,-1.027107280813,-0.0996797415061519,-0.067813658332987,0.0697898337058316
-2,0,-3,-176.868,-7.33996345332763e-15,-119.8707,-0.426334424587232,-0.689062680477192,-0.651504008171563,-0.00231779607604446,0.100251807224647,0.0110540950576723
-1,0,-3,-88.434,-7.33996345332763e-15,-119.8707,0.00933469252405886,-0.132515395299777,1.37187036709151,-0.0249040402118578,0.226953805935873,0.0603479628785713
0,0,-3,-7.33996345332763e-15,-7.33996345332763e-15,-119.8707,0.327492706845297,0.327492706845292,3.5823253397136,-0.0563285083049237,1.0547118733939e-14,-3.05658276467113e-15
1,0,-3,88.434,-7.33996345332763e-15,-119.8707,0.00933469252406341,-0.132515395299783,1.37187036709151,-0.0249040402118572,-0.22695380593586,-0.0603479628785787
2,0,-3,176.868,-7.33996345332763e-15,-119.8707,-0.42633442458723,-0.689062680477196,-0.651504008171565,-0.00231779607604519,-0.100251807224644,-0.0110540950576852
-2,1,-3,-176.868,88.434,-119.8707,-0.501745769968524,-0.658525837607562,-1.02710728081301,-0.0996797415061456,0.0678136583329865,-0.069789833705834
-1,1,-3,-88.434,88.434,-119.8707,-0.273061148436226,-0.276152960549706,0.26117017550913,-0.21365789806183,0.165089799061548,-0.12583813400963
0,1,-3,-1.92494270153778e-15,88.434,-119.8707,-0.132515395299778,0.00933469252405782,1.37187036709149,-0.0233334137143551,0.0603479628785908,-0.226953805935862
1,1,-3,88.434,88.434,-119.8707,-0.27615296054971,-0.27306114843623,0.261170175509122,0.195660218255241,-0.12583813400962,-0.165089799061534
2,1,-3,176.868,88.434,-119.8707,-0.500667358940818,-0.657330494179071,-1.0414953935486,0.1077082393207,-0.0729998111994203,-0.0774888450952023
-2,2,-3,-176.868,176.868,-119.8707,-0.630236235492267,-0.630095182461107,-1.6042017629316,-0.0459851498933311,0.0371107803824737,-0.0413109791464326
-1,2,-3,-88.434,176.868,-119.8707,-0.657330494179066,-0.500667358940812,-1.04149539354859,-0.0875848488024863,0.0774888450952109,-0.072999811199416
0,2,-3,3.49007805025207e-15,176.868,-119.8707,-0.689062680477189,-0.426334424587232,-0.651504008171567,0.0180541687396363,0.011054095057689,-0.100251807224632
1,2,-3,88.434,176.868,-119.8707,-0.658525837607562,-0.501745769968526,-1.02710728081302,0.11678390396267,-0.0697898337058256,-0.0678136583329707
2,2,-3,176.868,176.868,-119.8707,-0.630095182461114,-0.630236235492268,-1.60420176293161,0.0684575784924749,-0.0413109791464361,-0.0371107803824606
-2,-2,-2,-176.868,-176.868,-79.9138,-0.246820095368637,-0.24681429267402,-1.59217444787805,0.115222142598561,0.0515539956568365,0.0428667992985493
-1,-2,-2,-88.434,-176.868,-79.9138,-0.262306153075694,-0.0395227958979339,-0.939248908573648,0.213597197865876,0.0976003860596983,0.0833000884928234
0,-2,-2,-1.57233504724648e-14,-176.868,-79.9138,-0.303903638145745,0.0731824880741465,-0.511563639956539,0.0344169637986874,-0.00319955275734615,0.135610630494052
1,-2,-2,88.434,-176.868,-79.9138,-0.26038716778645,-0.0349758339172843,-0.963862989226393,-0.16708534474114,-0.0926078486045685,0.0969520422554829
2,-2,-2,176.868,-176.868,-79.9138,-0.246814292674018,-0.24682009536864,-1.59217444787805,-0.0874677867090001,-0.0428667992985456,0.0515539956568408
-2,-1,-2,-176.868,-88.434,-79.9138,-0.0349758339172775,-0.260387167786458,-0.963862989226389,0.197199042671539,0.0969520422554708,0.0926078486045636
-1,-1,-2,-88.434,-88.434,-79.9138,0.49964867619844,0.495995369512986,0.74018785550148,0.435659584385008,0.202667509602936,0.220234371074554
0,-1,-2,-1.03083297206749e-14,-88.434,-79.9138,0.865431650522078,1.14029052717813,2.4569182161079,-0.0224422671609114,-0.0693411195711116,0.397936096624142
1,-1,-2,88.434,-88.434,-79.9138,0.495995369512995,0.49964867619843,0.740187855501485,-0.444758050711265,-0.220234371074555,0.202667509602936
2,-1,-2,176.868,-88.434,-79.9138,-0.0395227958979308,-0.262306153075701,-0.939248908573649,-0.18476003963061,-0.083300088492819,0.0976003860596921
-2,0,-2,-176.868,-4.89330896888509e-15,-79.9138,0.0731824880741496,-0.303903638145755,-0.511563639956552,-0.00467661508731876,0.135610630494044,0.00319955275734051
-1,0,-2,-88.434,-4.89330896888509e-15,-79.9138,1.14029052717813,0.865431650522071,2.45691821610788,-0.0427750842735673,0.397936096624145,0.0693411195711093
0,0,-2,-4.89330896888509e-15,-4.89330896888509e-15,-79.9138,2.22838967220709,2.22838967220709,7.15980601699304,-0.129708722897235,9.00321484031963e-15,-1.03389519168218e-15
1,0,-2,88.434,-4.89330896888509e-15,-79.9138,1.14029052717814,0.865431650522064,2.45691821610789,-0.0427750842735677,-0.397936096624135,-0.0693411195711159
2,0,-2,176.868,-4.89330896888509e-15,-79.9138,0.073182488074152,-0.303903638145759,-0.511563639956554,-0.00467661508731971,-0.135610630494042,-0.00319955275735459
-2,1,-2,-176.868,88.434,-79.9138,-0.039522795897936,-0.262306153075698,-0.939248908573662,-0.184760039630603,0.0833000884928193,-0.0976003860596978
-1,1,-2,-88.434,88.434,-79.9138,0.495995369512988,0.49964867619844,0.74018785550146,-0.444758050711261,0.220234371074564,-0.202667509602933
0,1,-2,5.21711782904764e-16,88.434,-79.9138,0.865431650522073,1.14029052717813,2.45691821610787,-0.0224422671609098,0.0693411195711266,-0.397936096624134
1,1,-2,88.434,88.434,-79.9138,0.499648676198439,0.49599536951298,0.740187855501452,0.435659584385013,-0.202667509602924,-0.220234371074549
2,1,-2,176.868,88.434,-79.9138,-0.0349758339172791,-0.260387167786462,-0.96386298922641,0.197199042671547,-0.0969520422554702,-0.0926078486045683
-2,2,-2,-176.868,176.868,-79.9138,-0.246814292674021,-0.246820095368634,-1.59217444787805,-0.0874677867089963,0.0428667992985504,-0.0515539956568272
-1,2,-2,-88.434,176.868,-79.9138,-0.260387167786455,-0.0349758339172748,-0.963862989226396,-0.167085344741138,0.0926078486045774,-0.0969520422554652
0,2,-2,5.93673253469462e-15,176.868,-79.9138,-0.303903638145749,0.0731824880741477,-0.511563639956555,0.0344169637986886,0.00319955275735907,-0.13561063049403
1,2,-2,88.434,176.868,-79.9138,-0.262306153075696,-0.0395227958979414,-0.939248908573673,0.21359719786588,-0.0976003860596856,-0.083300088492802
2,2,-2,176.868,176.868,-79.9138,-0.246820095368638,-0.246814292674024,-1.59217444787806,0.115222142598565,-0.0515539956568288,-0.0428667992985357
-2,-2,-1,-176.868,-176.868,-39.9569,0.0939238094050458,0.0960505348007126,-1.58848617289115,0.165820470659731,0.0429115934025737,0.0298547620473719
-1,-2,-1,-88.434,-176.868,-39.9569,0.100184739327364,0.393450777178282,-0.875129679554277,0.330440044439198,0.0918633080604337,0.063855996284537
0,-2,-1,-1.32766959880222e-14,-176.868,-39.9569,0.0383970872146955,0.532949235336549,-0.408088420633818,0.048112966279851,0.00648045673636833,0.127051043523348
1,-2,-1,88.434,-176.868,-39.9569,0.107450117373935,0.406836833448502,-0.909876620959366,-0.281786592929833,-0.0727913460880088,0.0910756105395808
2,-2,-1,176.868,-176.868,-39.9569,0.0960505348007125,0.0939238094050451,-1.58848617289116,-0.144478968468796,-0.0298547620473678,0.0429115934025774
-2,-1,-1,-176.868,-88.434,-39.9569,0.406836833448506,0.107450117373927,-0.909876620959365,0.310556123196013,0.0910756105395671,0.0727913460880032
-1,-1,-1,-88.434,-88.434,-39.9569,1.46434207570568,1.45653560461377,1.1640944837079,0.905464164527119,0.255703178143748,0.179172355035525
0,-1,-1,-7.86167523623239e-15,-88.434,-39.9569,2.29550514821132,2.83539165596175,3.68838767650361,0.0218913742767353,-0.0236813620482194,0.608552649931227
1,-1,-1,88.434,-88.434,-39.9569,1.45653560461378,1.46434207570567,1.16409448370791,-0.876811336363529,-0.17917235503553,0.25570317814375
2,-1,-1,176.868,-88.434,-39.9569,0.393450777178285,0.10018473932736,-0.87512967955428,-0.300648263492089,-0.0638559962845341,0.0918633080604272
-2,0,-1,-176.868,-2.44665448444254e-15,-39.9569,0.532949235336553,0.0383970872146868,-0.408088420633833,-0.0130747840624235,0.127051043523337,-0.00648045673637729
-1,0,-1,-88.434,-2.44665448444254e-15,-39.9569,2.83539165596176,2.29550514821132,3.68838767650359,-0.0477739047366022,0.608552649931226,0.0236813620482128
0,0,-1,-2.44665448444254e-15,-2.44665448444254e-15,-39.9569,7.71726316157805,7.71726316157804,15.3782891680911,-0.673970590254503,5.78009862195472e-15,1.66533453693773e-15
1,0,-1,88.434,-2.44665448444254e-15,-39.9569,2.83539165596177,2.29550514821131,3.68838767650359,-0.0477739047366009,-0.608552649931222,-0.0236813620482183
2,0,-1,176.868,-2.44665448444254e-15,-39.9569,0.532949235336557,0.0383970872146849,-0.408088420633837,-0.0130747840624237,-0.127051043523338,0.00648045673635758
-2,1,-1,-176.868,88.434,-39.9569,0.393450777178281,0.100184739327361,-0.875129679554293,-0.300648263492083,0.0638559962845321,-0.0918633080604376
-1,1,-1,-88.434,88.434,-39.9569,1.45653560461377,1.46434207570568,1.16409448370789,-0.876811336363525,0.179172355035533,-0.255703178143749
0,1,-1,2.96836626734731e-15,88.434,-39.9569,2.29550514821132,2.83539165596176,3.68838767650357,0.0218913742767375,0.0236813620482267,-0.608552649931219
1,1,-1,88.434,88.434,-39.9569,1.46434207570568,1.45653560461377,1.16409448370787,0.905464164527124,-0.25570317814374,-0.179172355035522
2,1,-1,176.868,88.434,-39.9569,0.406836833448508,0.107450117373924,-0.909876620959388,0.310556123196019,-0.0910756105395679,-0.0727913460880103
-2,2,-1,-176.868,176.868,-39.9569,0.0960505348007104,0.0939238094050491,-1.58848617289116,-0.144478968468792,0.0298547620473729,-0.0429115934025658
-1,2,-1,-88.434,176.868,-39.9569,0.10745011737393,0.406836833448509,-0.90987662095937,-0.281786592929831,0.0727913460880171,-0.0910756105395639
0,2,-1,8.38338701913716e-15,176.868,-39.9569,0.0383970872146937,0.53294923533655,-0.408088420633834,0.0481129662798522,-0.00648045673635663,-0.127051043523327
1,2,-1,88.434,176.868,-39.9569,0.100184739327363,0.393450777178275,-0.875129679554301,0.330440044439201,-0.0918633080604224,-0.063855996284518
2,2,-1,176.868,176.868,-39.9569,0.0939238094050466,0.0960505348007078,-1.58848617289117,0.165820470659733,-0.0429115934025658,-0.0298547620473601
-2,-2,0,-176.868,-176.868,0,0.236901888805828,0.242250853097101,-1.58827055084099,0.18444699348522,0.00993226893420672,-0.00619679197003879
-1,-2,0,-88.434,-176.868,0,0.254458007949257,0.581861039209807,-0.854553959975545,0.377199547877771,0.0241124675771745,-0.00780486135150653
0,-2,0,-1.08300415035797e-14,-176.868,0,0.178551628347031,0.730200236525699,-0.370708478032064,0.0369145872111562,0.0124825685319059,0.039857815333271
1,-2,0,88.434,-176.868,0,0.269461272359387,0.601987547160081,-0.88990064430304,-0.359986418964353,-0.00343361601395658,0.0375028840371722
2,-2,0,176.868,-176.868,0,0.242250853097098,0.236901888805831,-1.58827055084099,-0.184446993485219,0.00619679197004116,0.00993226893421252
-2,-1,0,-176.868,-88.434,0,0.601987547160082,0.269461272359381,-0.88990064430304,0.359986418964351,0.0375028840371565,0.00343361601395
-1,-1,0,-88.434,-88.434,0,2.08020016011189,2.18559199591734,1.34402465986951,1.34384674445175,0.0956272046367292,-0.0444339238188056
0,-1,0,-5.41502075178985e-15,-88.434,0,3.3149610988973,4.04637288003803,4.36558239226522,0.0645832751497116,0.00769421464993494,0.171608236821896
1,-1,0,88.434,-88.434,0,2.18559199591735,2.08020016011189,1.34402465986952,-1.34384674445176,0.0444339238187961,0.0956272046367343
2,-1,0,176.868,-88.434,0,0.581861039209809,0.254458007949256,-0.854553959975551,-0.377199547877773,0.00780486135150629,0.0241124675771682
-2,0,0,-176.868,0,0,0.730200236525702,0.178551628347025,-0.370708478032081,-0.0369145872111584,0.0398578153332591,-0.0124825685319194
-1,0,0,-88.434,0,0,4.04637288003804,3.31496109889729,4.36558239226521,-0.0645832751497211,0.171608236821892,-0.00769421464994426
0,0,0,0,0,0,34.3083411384969,34.308341138497,41.0810659276423,-8.65973959207622e-15,2.81719092498633e-15,3.66373598126302e-15
1,0,0,88.434,0,0,4.04637288003803,3.31496109889728,4.36558239226519,-0.0645832751497186,-0.171608236821893,0.00769421464993858
2,0,0,176.868,0,0,0.730200236525706,0.178551628347026,-0.370708478032087,-0.0369145872111578,-0.0398578153332641,0.0124825685318923
-2,1,0,-176.868,88.434,0,0.581861039209806,0.254458007949259,-0.854553959975564,-0.377199547877769,-0.00780486135151323,-0.0241124675771821
-1,1,0,-88.434,88.434,0,2.18559199591734,2.0802001601119,1.3440246598695,-1.34384674445176,-0.0444339238187995,-0.0956272046367341
0,1,0,5.41502075178985e-15,88.434,0,3.31496109889729,4.04637288003802,4.36558239226517,0.0645832751497161,-0.00769421464993419,-0.17160823682189
1,1,0,88.434,88.434,0,2.0802001601119,2.18559199591734,1.34402465986947,1.34384674445176,-0.095627204636728,0.0444339238188055
2,1,0,176.868,88.434,0,0.601987547160085,0.269461272359378,-0.889900644303065,0.359986418964355,-0.0375028840371614,-0.00343361601396101
-2,2,0,-176.868,176.868,0,0.242250853097097,0.236901888805834,-1.58827055084099,-0.184446993485216,-0.00619679197003834,-0.00993226893420243
-1,2,0,-88.434,176.868,0,0.269461272359382,0.601987547160086,-0.889900644303043,-0.35998641896435,0.00343361601396327,-0.0375028840371575
0,2,0,1.08300415035797e-14,176.868,0,0.178551628347031,0.7302002365257,-0.370708478032078,0.0369145872111581,-0.0124825685318972,-0.0398578153332539
1,2,0,88.434,176.868,0,0.254458007949259,0.581861039209801,-0.854553959975567,0.377199547877773,-0.0241124675771656,0.00780486135152354
2,2,0,176.868,176.868,0,0.236901888805831,0.242250853097097,-1.588270550841,0.184446993485221,-0.00993226893420205,0.00619679197004738
-2,-2,1,-176.868,-176.868,39.9569,0.0939238094050411,0.0960505348007124,-1.58848617289116,0.144478968468796,-0.0302964258113402,-0.0477622317531491
-1,-2,1,-88.434,-176.868,39.9569,0.100184739327358,0.393450777178281,-0.875129679554276,0.300648263492087,-0.0665536489646862,-0.0896215523540315
0,-2,1,-8.38338701913716e-15,-176.868,39.9569,0.0383970872146914,0.532949235336551,-0.408088420633818,0.0130747840624244,0.00690815222950598,-0.0640077510223806
1,-2,1,88.434,-176.868,39.9569,0.107450117373932,0.406836833448506,-0.909876620959365,-0.310556123196015,0.0764294600566624,-0.0346130258277985
2,-2,1,176.868,-176.868,39.9569,0.0960505348007092,0.0939238094050479,-1.58848617289116,-0.16582047065973,0.0477622317531489,-0.0302964258113326
-2,-1,1,-176.868,-88.434,39.9569,0.406836833448503,0.107450117373929,-0.909876620959368,0.281786592929832,-0.034613025827814,-0.0764294600566704
-1,-1,1,-88.434,-88.434,39.9569,1.46434207570568,1.45653560461377,1.16409448370791,0.876811336363522,-0.158648835461039,-0.268219714877536
0,-1,1,-2.96836626734731e-15,-88.434,39.9569,2.29550514821132,2.83539165596176,3.68838767650361,0.0477739047365943,-0.0524550098438311,-0.359353244380732
1,-1,1,88.434,-88.434,39.9569,1.45653560461378,1.46434207570568,1.16409448370791,-0.905464164527125,0.268219714877522,-0.158648835461034
2,-1,1,176.868,-88.434,39.9569,0.393450777178281,0.100184739327364,-0.875129679554286,-0.3304400444392,0.0896215523540275,-0.0665536489646904
-2,0,1,-176.868,2.44665448444254e-15,39.9569,0.53294923533655,0.0383970872146909,-0.408088420633838,-0.0481129662798537,-0.0640077510223927,-0.00690815222952138
-1,0,1,-88.434,2.44665448444254e-15,39.9569,2.83539165596176,2.29550514821132,3.6883876765036,-0.0218913742767428,-0.359353244380737,0.0524550098438176
0,0,1,2.44665448444254e-15,2.44665448444254e-15,39.9569,7.71726316157804,7.71726316157803,15.3782891680911,0.673970590254493,-6.21724893790088e-15,7.0082828429463e-16
1,0,1,88.434,2.44665448444254e-15,39.9569,2.83539165596176,2.29550514821131,3.68838767650358,-0.0218913742767422,0.359353244380729,-0.0524550098438275
2,0,1,176.868,2.44665448444254e-15,39.9569,0.532949235336553,0.0383970872146902,-0.408088420633846,-0.0481129662798526,0.0640077510223816,0.00690815222949109
-2,1,1,-176.868,88.434,39.9569,0.39345077717828,0.100184739327367,-0.875129679554298,-0.330440044439198,-0.08962155235404,0.0665536489646739
-1,1,1,-88.434,88.434,39.9569,1.45653560461377,1.46434207570568,1.16409448370789,-0.905464164527121,-0.268219714877531,0.158648835461031
0,1,1,7.86167523623239e-15,88.434,39.9569,2.29550514821132,2.83539165596175,3.68838767650357,0.0477739047365993,0.0524550098438267,0.359353244380736
1,1,1,88.434,88.434,39.9569,1.46434207570568,1.45653560461377,1.16409448370787,0.876811336363526,0.158648835461036,0.268219714877533
2,1,1,176.868,88.434,39.9569,0.406836833448505,0.107450117373928,-0.909876620959394,0.281786592929833,0.0346130258278041,0.0764294600566559
-2,2,1,-176.868,176.868,39.9569,0.0960505348007085,0.0939238094050501,-1.58848617289116,-0.165820470659728,-0.0477622317531497,0.0302964258113386
-1,2,1,-88.434,176.868,39.9569,0.107450117373929,0.40683683344851,-0.909876620959367,-0.310556123196012,-0.0764294600566587,0.0346130258278087
0,2,1,1.32766959880222e-14,176.868,39.9569,0.0383970872146914,0.532949235336551,-0.408088420633832,0.0130747840624261,-0.00690815222949925,0.0640077510223926
1,2,1,88.434,176.868,39.9569,0.100184739327364,0.393450777178279,-0.875129679554297,0.300648263492088,0.066553648964691,0.0896215523540436
2,2,1,176.868,176.868,39.9569,0.0939238094050453,0.0960505348007129,-1.58848617289117,0.144478968468795,0.0302964258113401,0.0477622317531537
-2,-2,2,-176.868,-176.868,79.9138,-0.246820095368643,-0.246814292674017,-1.59217444787805,0.0874677867090001,-0.0530827911316281,-0.06946809145807
-1,-2,2,-88.434,-176.868,79.9138,-0.262306153075701,-0.0395227958979351,-0.939248908573645,0.184760039630608,-0.112467589316616,-0.123951808474587
0,-2,2,-5.93673253469462e-15,-176.868,79.9138,-0.303903638145752,0.0731824880741487,-0.511563639956538,0.00467661508732037,-0.00136435317866325,-0.114061915042502
1,-2,2,88.434,-176.868,79.9138,-0.260387167786456,-0.0349758339172771,-0.963862989226392,-0.197199042671542,0.114405562926557,-0.0751428201543602
2,-2,2,176.868,-176.868,79.9138,-0.246814292674024,-0.246820095368633,-1.59217444787806,-0.115222142598561,0.0694680914580663,-0.0530827911316197
-2,-1,2,-176.868,-88.434,79.9138,-0.0349758339172825,-0.260387167786454,-0.963862989226395,0.167085344741138,-0.0751428201543737,-0.114405562926566
-1,-1,2,-88.434,-88.434,79.9138,0.499648676198431,0.495995369512985,0.740187855501482,0.444758050711259,-0.257040797573456,-0.307894614470867
0,-1,2,-5.21711782904764e-16,-88.434,79.9138,0.865431650522068,1.14029052717813,2.4569182161079,0.042775084273561,-0.0474533965531937,-0.450534877956367
1,-1,2,88.434,-88.434,79.9138,0.495995369512987,0.499648676198437,0.740187855501476,-0.435659584385013,0.30789461447085,-0.257040797573453
2,-1,2,176.868,-88.434,79.9138,-0.039522795897936,-0.262306153075694,-0.93924890857366,-0.213597197865878,0.12395180847458,-0.112467589316617
-2,0,2,-176.868,4.89330896888509e-15,79.9138,0.0731824880741452,-0.303903638145749,-0.511563639956561,-0.0344169637986895,-0.114061915042514,0.00136435317864649
-1,0,2,-88.434,4.89330896888509e-15,79.9138,1.14029052717813,0.865431650522072,2.45691821610789,0.0224422671609055,-0.450534877956371,0.0474533965531779
0,0,2,4.89330896888509e-15,4.89330896888509e-15,79.9138,2.22838967220708,2.22838967220708,7.15980601699302,0.129708722897226,-7.85482789922298e-15,-8.98586760555986e-16
1,0,2,88.434,4.89330896888509e-15,79.9138,1.14029052717813,0.865431650522067,2.45691821610787,0.0224422671609044,0.450534877956358,-0.0474533965531902
2,0,2,176.868,4.89330896888509e-15,79.9138,0.0731824880741474,-0.303903638145751,-0.511563639956569,-0.034416963798689,0.114061915042498,-0.00136435317867557
-2,1,2,-176.868,88.434,79.9138,-0.0395227958979383,-0.262306153075691,-0.93924890857367,-0.213597197865876,-0.123951808474596,0.112467589316603
-1,1,2,-88.434,88.434,79.9138,0.495995369512984,0.499648676198441,0.740187855501463,-0.43565958438501,-0.307894614470863,0.257040797573447
0,1,2,1.03083297206749e-14,88.434,79.9138,0.865431650522069,1.14029052717813,2.45691821610786,0.0427750842735643,0.047453396553188,0.450534877956368
1,1,2,88.434,88.434,79.9138,0.499648676198434,0.495995369512983,0.740187855501441,0.44475805071126,0.25704079757345,0.30789461447086
2,1,2,176.868,88.434,79.9138,-0.0349758339172828,-0.260387167786454,-0.963862989226421,0.167085344741139,0.0751428201543616,0.11440556292655
-2,2,2,-176.868,176.868,79.9138,-0.246814292674024,-0.246820095368631,-1.59217444787805,-0.115222142598559,-0.069468091458071,0.0530827911316229
-1,2,2,-88.434,176.868,79.9138,-0.260387167786457,-0.0349758339172752,-0.963862989226393,-0.197199042671539,-0.114405562926556,0.075142820154366
0,2,2,1.57233504724648e-14,176.868,79.9138,-0.303903638145751,0.0731824880741492,-0.511563639956552,0.00467661508732136,0.00136435317866586,0.114061915042509
1,2,2,88.434,176.868,79.9138,-0.262306153075698,-0.0395227958979354,-0.939248908573667,0.184760039630607,0.112467589316617,0.123951808474593
2,2,2,176.868,176.868,79.9138,-0.24682009536864,-0.246814292674016,-1.59217444787806,0.087467786708999,0.0530827911316238,0.069468091458071
-2,-2,3,-176.868,-176.868,119.8707,-0.630095182461114,-0.630236235492262,-1.6042017629316,0.0459851498933364,-0.0540255193730796,-0.066633899990678
-1,-2,3,-88.434,-176.868,119.8707,-0.658525837607563,-0.501745769968519,-1.02710728081299,0.0996797415061515,-0.111337946863641,-0.110941515278053
0,-2,3,-3.49007805025207e-15,-176.868,119.8707,-0.68906268047719,-0.426334424587231,-0.65150400817155,0.00231779607604709,-0.00780357617450199,-0.110680554479899
1,-2,3,88.434,-176.868,119.8707,-0.657330494179069,-0.500667358940814,-1.04149539354859,-0.107708239320696,0.106192905793881,-0.0769839096531701
2,-2,3,176.868,-176.868,119.8707,-0.63023623549227,-0.630095182461106,-1.60420176293161,-0.0684575784924711,0.0666338999906718,-0.0540255193730688
-2,-1,3,-176.868,-88.434,119.8707,-0.500667358940819,-0.657330494179064,-1.04149539354859,0.0875848488024879,-0.0769839096531832,-0.10619290579389
-1,-1,3,-88.434,-88.434,119.8707,-0.276152960549714,-0.273061148436226,0.261170175509154,0.21365789806183,-0.223945402502481,-0.229855496088457
0,-1,3,1.92494270153778e-15,-88.434,119.8707,-0.132515395299781,0.00933469252405571,1.37187036709152,0.024904040211852,-0.0389336952665365,-0.324822712848869
1,-1,3,88.434,-88.434,119.8707,-0.273061148436227,-0.276152960549709,0.261170175509141,-0.195660218255242,0.22985549608844,-0.223945402502476
2,-1,3,176.868,-88.434,119.8707,-0.501745769968523,-0.65852583760756,-1.02710728081301,-0.116783903962667,0.110941515278043,-0.111337946863641
-2,0,3,-176.868,7.33996345332763e-15,119.8707,-0.426334424587234,-0.689062680477188,-0.651504008171573,-0.0180541687396353,-0.110680554479909,0.00780357617448651
-1,0,3,-88.434,7.33996345332763e-15,119.8707,0.00933469252405432,-0.132515395299776,1.37187036709151,0.0233334137143529,-0.324822712848872,0.038933695266521
0,0,3,7.33996345332763e-15,7.33996345332763e-15,119.8707,0.327492706845278,0.327492706845283,3.58232533971358,0.0563285083049149,-6.01602101468757e-15,-2.41430139769072e-15
1,0,3,88.434,7.33996345332763e-15,119.8707,0.00933469252405326,-0.13251539529978,1.37187036709149,0.0233334137143503,0.32482271284886,-0.0389336952665337
2,0,3,176.868,7.33996345332763e-15,119.8707,-0.426334424587234,-0.68906268047719,-0.651504008171581,-0.0180541687396355,0.110680554479893,-0.00780357617450986
-2,1,3,-176.868,88.434,119.8707,-0.501745769968525,-0.658525837607555,-1.02710728081302,-0.116783903962666,-0.11094151527806,0.11133794686363
-1,1,3,-88.434,88.434,119.8707,-0.273061148436229,-0.276152960549705,0.261170175509131,-0.195660218255238,-0.229855496088452,0.22394540250247
0,1,3,1.27549842051175e-14,88.434,119.8707,-0.132515395299782,0.00933469252405909,1.37187036709149,0.024904040211854,0.0389336952665319,0.324822712848867
1,1,3,88.434,88.434,119.8707,-0.276152960549716,-0.273061148436227,0.261170175509112,0.213657898061829,0.223945402502475,0.229855496088449
2,1,3,176.868,88.434,119.8707,-0.500667358940822,-0.657330494179065,-1.04149539354862,0.087584848802487,0.0769839096531703,0.106192905793876
-2,2,3,-176.868,176.868,119.8707,-0.63023623549227,-0.630095182461103,-1.6042017629316,-0.0684575784924687,-0.0666338999906811,0.0540255193730705
-1,2,3,-88.434,176.868,119.8707,-0.657330494179068,-0.500667358940811,-1.04149539354859,-0.107708239320691,-0.106192905793882,0.0769839096531729
0,2,3,1.81700049569073e-14,176.868,119.8707,-0.689062680477191,-0.42633442458723,-0.651504008171564,0.00231779607604661,0.00780357617450176,0.110680554479903
1,2,3,88.434,176.868,119.8707,-0.658525837607564,-0.501745769968519,-1.02710728081302,0.0996797415061488,0.11133794686364,0.110941515278055
2,2,3,176.868,176.868,119.8707,-0.630095182461116,-0.63023623549226,-1.60420176293161,0.0459851498933335,0.0540255193730708,0.0666338999906785
-2,-2,4,-176.868,-176.868,159.8276,-0.93841458700856,-0.938282828830252,-1.62063095844249,0.0244689868124949,-0.0410218844365152,-0.0488034719698057
-1,-2,4,-88.434,-176.868,159.8276,-0.971127906694863,-0.859936066480319,-1.11031084009284,0.0527822280182911,-0.0841873534497479,-0.0764004454153087
0,-2,4,-1.04342356580953e-15,-176.868,159.8276,-0.996029901590911,-0.812621888912134,-0.780769697695062,0.00156179885490492,-0.011163314110257,-0.0786949103850454
1,-2,4,88.434,-176.868,159.8276,-0.969853882665086,-0.859835470842636,-1.11778881831928,-0.0563562945013782,0.0740460563901101,-0.0570811406318121
2,-2,4,176.868,-176.868,159.8276,-0.93828282883026,-0.938414587008554,-1.6206309584425,-0.0377941417122441,0.0488034719697978,-0.0410218844365035
-2,-1,4,-176.868,-88.434,159.8276,-0.859835470842639,-0.969853882665082,-1.11778881831928,0.0463281512081838,-0.0570811406318252,-0.0740460563901199
-1,-1,4,-88.434,-88.434,159.8276,-0.776177874253484,-0.773142367050988,-0.11353140814109,0.104172569357505,-0.151843814021958,-0.136195064733625
0,-1,4,4.37159718598032e-15,-88.434,159.8276,-0.725064066454652,-0.641799443375644,0.646819019508596,0.0117420130063339,-0.0321989752820581,-0.191950187348864
1,-1,4,88.434,-88.434,159.8276,-0.773142367050991,-0.776177874253483,-0.113531408141107,-0.0922895982755454,0.136195064733611,-0.151843814021953
2,-1,4,176.868,-88.434,159.8276,-0.859936066480325,-0.971127906694862,-1.11031084009286,-0.0605513530597543,0.0764004454152993,-0.0841873534497471
-2,0,4,-176.868,9.78661793777017e-15,159.8276,-0.812621888912138,-0.996029901590909,-0.780769697695083,-0.00756656181018209,-0.0786949103850545,0.0111633141102447
-1,0,4,-88.434,9.78661793777017e-15,159.8276,-0.641799443375647,-0.725064066454649,0.646819019508585,0.0134121685536101,-0.191950187348866,0.0321989752820448
0,0,4,9.78661793777017e-15,9.78661793777017e-15,159.8276,-0.53386934560363,-0.533869345603623,1.87928275222581,0.0232639178204315,-1.7728873924483e-15,-3.30811766868777e-15
1,0,4,88.434,9.78661793777017e-15,159.8276,-0.64179944337565,-0.725064066454652,0.646819019508569,0.0134121685536088,0.191950187348859,-0.0321989752820565
2,0,4,176.868,9.78661793777017e-15,159.8276,-0.812621888912139,-0.996029901590911,-0.780769697695091,-0.00756656181018243,0.0786949103850405,-0.0111633141102634
-2,1,4,-176.868,88.434,159.8276,-0.859936066480326,-0.971127906694858,-1.11031084009287,-0.0605513530597527,-0.0764004454153145,0.0841873534497394
-1,1,4,-88.434,88.434,159.8276,-0.773142367050992,-0.776177874253478,-0.113531408141115,-0.0922895982755427,-0.136195064733619,0.151843814021949
0,1,4,1.520163868956e-14,88.434,159.8276,-0.725064066454656,-0.64179944337564,0.646819019508567,0.0117420130063361,0.0321989752820573,0.191950187348861
1,1,4,88.434,88.434,159.8276,-0.776177874253489,-0.773142367050988,-0.113531408141128,0.104172569357503,0.151843814021956,0.136195064733616
2,1,4,176.868,88.434,159.8276,-0.859835470842642,-0.969853882665083,-1.1177888183193,0.0463281512081827,0.0570811406318136,0.0740460563901076
-2,2,4,-176.868,176.868,159.8276,-0.938282828830262,-0.938414587008551,-1.62063095844249,-0.0377941417122409,-0.0488034719698108,0.0410218844365065
-1,2,4,-88.434,176.868,159.8276,-0.969853882665085,-0.859835470842631,-1.11778881831928,-0.0563562945013743,-0.0740460563901119,0.0570811406318166
0,2,4,2.06166594413499e-14,176.868,159.8276,-0.996029901590912,-0.812621888912133,-0.780769697695076,0.00156179885490544,0.0111633141102594,0.0786949103850476
1,2,4,88.434,176.868,159.8276,-0.971127906694867,-0.85993606648032,-1.11031084009286,0.0527822280182888,0.0841873534497479,0.076400445415311
2,2,4,176.868,176.868,159.8276,-0.938414587008562,-0.938282828830254,-1.6206309584425,0.0244689868124925,0.041021884436505,0.0488034719698064
-2,-2,5,-176.868,-176.868,199.7845,-1.10634476017929,-1.10607083080048,-1.63224389186621,0.0176786604511067,-0.0215775861095572,-0.0252354456533447
-1,-2,5,-88.434,-176.868,199.7845,-1.13966458088504,-1.05084386731682,-1.15997093572437,0.0338463428412237,-0.0472496641463776,-0.0368367398945335
0,-2,5,1.40323091863302e-15,-176.868,199.7845,-1.16212802599731,-1.01715839055343,-0.856805535958202,0.00141324791028701,-0.0128804580275384,-0.037169452477165
1,-2,5,88.434,-176.868,199.7845,-1.13839593804582,-1.05098724675699,-1.16435485937241,-0.0336619846326191,0.0338152484075961,-0.0282826385864367
2,-2,5,176.868,-176.868,199.7845,-1.10607083080048,-1.10634476017929,-1.63224389186622,-0.0219740536382836,0.0252354456533363,-0.0215775861095455
-2,-1,5,-176.868,-88.434,199.7845,-1.05098724675699,-1.13839593804582,-1.1643548593724,0.0307720858283173,-0.0282826385864517,-0.0338152484076057
-1,-1,5,-88.434,-88.434,199.7845,-1.01869573249979,-1.01639829973146,-0.311491058447178,0.0600762069204304,-0.0794988544210623,-0.053767831662729
0,-1,5,6.81825167042287e-15,-88.434,199.7845,-0.999748156185236,-0.93898063440747,0.293343941383179,0.00283920270166723,-0.030105106025771,-0.0840341659766461
1,-1,5,88.434,-88.434,199.7845,-1.01639829973146,-1.01869573249979,-0.311491058447194,-0.0562142353993494,0.0537678316627185,-0.0794988544210575
2,-1,5,176.868,-88.434,199.7845,-1.05084386731683,-1.13966458088505,-1.15997093572439,-0.035990796594838,0.0368367398945263,-0.047249664146376
-2,0,5,-176.868,1.22332724222127e-14,199.7845,-1.01715839055344,-1.16212802599731,-0.856805535958221,-0.0028047953002839,-0.037169452477172,0.0128804580275285
-1,0,5,-88.434,1.22332724222127e-14,199.7845,-0.938980634407474,-0.999748156185234,0.293343941383169,0.00469228045730291,-0.0840341659766449,0.0301051060257611
0,0,5,1.22332724222127e-14,1.22332724222127e-14,199.7845,-0.892942474280009,-0.892942474280002,1.16927328558506,0.00633255882353624,3.4035274598665e-15,-4.19282664143594e-15
1,0,5,88.434,1.22332724222127e-14,199.7845,-0.938980634407477,-0.999748156185237,0.293343941383156,0.0046922804573024,0.0840341659766463,-0.0301051060257716
2,0,5,176.868,1.22332724222127e-14,199.7845,-1.01715839055344,-1.16212802599731,-0.856805535958228,-0.00280479530028448,0.0371694524771616,-0.0128804580275439
-2,1,5,-176.868,88.434,199.7845,-1.05084386731683,-1.13966458088504,-1.1599709357244,-0.0359907965948365,-0.0368367398945389,0.0472496641463718
-1,1,5,-88.434,88.434,199.7845,-1.01639829973147,-1.01869573249979,-0.311491058447201,-0.0562142353993473,-0.0537678316627209,0.0794988544210553
0,1,5,1.76482931740026e-14,88.434,199.7845,-0.99974815618524,-0.938980634407468,0.293343941383152,0.00283920270166838,0.0301051060257754,0.0840341659766438
1,1,5,88.434,88.434,199.7845,-1.01869573249979,-1.01639829973146,-0.311491058447214,0.0600762069204287,0.0794988544210635,0.0537678316627214
2,1,5,176.868,88.434,199.7845,-1.050987246757,-1.13839593804582,-1.16435485937242,0.0307720858283162,0.0282826385864417,0.0338152484075959
-2,2,5,-176.868,176.868,199.7845,-1.10607083080048,-1.10634476017928,-1.63224389186622,-0.0219740536382802,-0.02523544565335,0.0215775861095518
-1,2,5,-88.434,176.868,199.7845,-1.13839593804582,-1.05098724675699,-1.16435485937241,-0.0336619846326156,-0.0338152484075977,0.028282638586445
0,2,5,2.30633139257924e-14,176.868,199.7845,-1.16212802599731,-1.01715839055343,-0.856805535958217,0.00141324791028738,0.0128804580275436,0.0371694524771684
1,2,5,88.434,176.868,199.7845,-1.13966458088505,-1.05084386731683,-1.1599709357244,0.0338463428412218,0.047249664146378,0.0368367398945386
2,2,5,176.868,176.868,199.7845,-1.10634476017929,-1.10607083080048,-1.63224389186623,0.0176786604511052,0.0215775861095463,0.0252354456533477
